UID,FRP,Previous_Box,NMR_Sample_map
2022-07-27_3477_10,YES,NMR_Box_1_1,NMR_B1_1
2022-07-28_3253_14,NA,NMR_Box_1_2,NMR_B1_2
2022-12-08_3639_13,YES,NMR_Box_1_3,NMR_B1_3
2022-12-08_3823_14,YES,NMR_Box_1_4,NMR_B1_4
2022-12-08_3849_19,YES,NMR_Box_1_5,NMR_B1_5
2022-12-09_3819_15,YES,NMR_Box_1_6,NMR_B1_6
2022-12-12_3616_20,YES,NMR_Box_1_7,NMR_B1_7
2022-12-12_3793_24,YES,NMR_Box_1_8,NMR_B1_8
2022-06-25_3305_16,YES,NMR_Box_1_9,NMR_B1_9
2022-12-08_3834_6,YES,NMR_Box_1_10,NMR_B1_10
2022-07-22_3288_10,YES,NMR_Box_1_11,NMR_B1_11
2022-07-27_2866_2,YES,NMR_Box_1_12,NMR_B1_12
2022-07-27_2874_16,YES,NMR_Box_1_13,NMR_B1_13
2022-07-27_2880_17,YES,NMR_Box_1_14,NMR_B1_14
2022-07-27_2884_3,NA,NMR_Box_1_15,NMR_B1_15
2022-07-27_3291_7,YES,NMR_Box_1_16,NMR_B1_16
2022-07-27_3472_12,YES,NMR_Box_1_17,NMR_B1_17
2022-07-27_3478_5,YES,NMR_Box_1_18,NMR_B1_18
2022-07-28_2963_10,NA,NMR_Box_1_19,NMR_B1_19
2022-08-04_2859_19,NA,NMR_Box_1_20,NMR_B1_20
2022-08-04_3560_15,NA,NMR_Box_1_21,NMR_B1_21
2022-08-04_3565_14,NA,NMR_Box_1_22,NMR_B1_22
2022-08-04_3242_5,NA,NMR_Box_1_23,NMR_B1_23
2022-12-08_3790_20,NA,NMR_Box_1_24,NMR_B1_24
2022-07-27_3149_9,NA,NMR_Box_1_25,NMR_B1_25
2022-12-08_3786_3,YES,NMR_Box_1_26,NMR_B1_26
2022-12-08_3794_5,YES,NMR_Box_1_27,NMR_B1_27
2022-12-08_3866_15,YES,NMR_Box_1_28,NMR_B1_28
2022-12-09_3670_23,YES,NMR_Box_1_29,NMR_B1_29
2022-12-09_3773_4,YES,NMR_Box_1_30,NMR_B1_30
2022-12-13_3661_19,YES,NMR_Box_1_31,NMR_B1_31
2022-12-13_3789_9,YES,NMR_Box_1_32,NMR_B1_32
2022-03-26_2941_16,YES,NMR_Box_1_33,NMR_B1_33
2022-07-18_3467_12,YES,NMR_Box_1_34,NMR_B1_34
2022-07-18_3474_11,YES,NMR_Box_1_35,NMR_B1_35
2022-07-19_2840_6,YES,NMR_Box_1_36,NMR_B1_36
2022-07-22_2782_8,YES,NMR_Box_1_37,NMR_B1_37
2022-03-30_2705_23,NA,NMR_Box_1_38,NMR_B1_38
2022-06-24_3153_17,YES,NMR_Box_1_39,NMR_B1_39
2022-06-24_3189_21,NA,NMR_Box_1_40,NMR_B1_40
2022-06-25_3301_20,YES,NMR_Box_1_41,NMR_B1_41
2022-07-27_3460_14,NA,NMR_Box_1_42,NMR_B1_42
2022-07-23_3431_2,YES,NMR_Box_1_43,NMR_B1_43
2022-07-27_3293_13,YES,NMR_Box_1_44,NMR_B1_44
2022-07-27_3475_15,YES,NMR_Box_1_45,NMR_B1_45
2022-07-28_2659_6,NA,NMR_Box_1_46,NMR_B1_46
2022-07-28_3318_7,NA,NMR_Box_1_47,NMR_B1_47
2022-08-03_2648_10,NA,NMR_Box_1_48,NMR_B1_48
2022-08-03_2767_13,NA,NMR_Box_1_49,NMR_B1_49
2022-08-03_3031_4,NA,NMR_Box_1_50,NMR_B1_50
2022-08-03_3173_7,NA,NMR_Box_1_51,NMR_B1_51
2022-08-03_3187_3,NA,NMR_Box_1_52,NMR_B1_52
2022-08-03_3309_5,NA,NMR_Box_1_53,NMR_B1_53
2022-08-03_3451_11,NA,NMR_Box_1_54,NMR_B1_54
2022-08-04_3497_13,NA,NMR_Box_1_55,NMR_B1_55
2022-12-10_3669_19,YES,NMR_Box_1_56,NMR_B1_56
2022-12-10_3791_4,YES,NMR_Box_1_57,NMR_B1_57
2022-12-10_3812_21,YES,NMR_Box_1_58,NMR_B1_58
2022-12-10_3838_5,NA,NMR_Box_1_59,NMR_B1_59
2022-12-10_3841_16,YES,NMR_Box_1_60,NMR_B1_60
2022-12-10_3856_2,YES,NMR_Box_1_61,NMR_B1_61
2022-12-10_3776_10,YES,NMR_Box_1_62,NMR_B1_62
2022-12-10_3843_20,YES,NMR_Box_1_63,NMR_B1_63
2022-12-10_3854_24,YES,NMR_Box_1_64,NMR_B1_64
2022-12-10_3861_11,YES,NMR_Box_1_65,NMR_B1_65
2022-06-23_3185_2,YES,NMR_Box_1_66,NMR_B1_66
2022-06-26_3346_6,YES,NMR_Box_1_67,NMR_B1_67
2022-07-18_3429_5,YES,NMR_Box_1_68,NMR_B1_68
2022-07-18_3450_4,YES,NMR_Box_1_69,NMR_B1_69
2022-07-18_3454_3,YES,NMR_Box_1_70,NMR_B1_70
2022-07-18_3456_10,YES,NMR_Box_1_71,NMR_B1_71
2022-07-18_3468_9,YES,NMR_Box_1_72,NMR_B1_72
2022-07-19_2974_5,YES,NMR_Box_1_73,NMR_B1_73
2022-07-18_3481_14,NA,NMR_Box_1_74,NMR_B1_74
2022-07-19_3415_8,YES,NMR_Box_1_75,NMR_B1_75
2022-07-19_3434_2,YES,NMR_Box_1_76,NMR_B1_76
2022-07-19_3435_3,YES,NMR_Box_1_77,NMR_B1_77
2022-07-19_3469_15,YES,NMR_Box_1_78,NMR_B1_78
2022-07-19_3470_11,YES,NMR_Box_1_79,NMR_B1_79
2022-07-20_2907_16,YES,NMR_Box_1_80,NMR_B1_80
2022-07-20_2931_13,YES,NMR_Box_1_81,NMR_B1_81
2022-12-09_3777_2,YES,NMR_Box_2_1,NMR_B2_1
2022-12-14_3807_6,YES,NMR_Box_2_2,NMR_B2_2
2022-12-12_3637_13,YES,NMR_Box_2_3,NMR_B2_3
2022-12-09_3862_18,YES,NMR_Box_2_4,NMR_B2_4
2022-12-09_3821_21,YES,NMR_Box_2_5,NMR_B2_5
2022-12-12_3785_2,YES,NMR_Box_2_6,NMR_B2_6
2022-03-30_2712_10,NA,NMR_Box_2_7,NMR_B2_7
2022-12-12_3692_12,YES,NMR_Box_2_8,NMR_B2_8
2022-12-08_3864_2,YES,NMR_Box_2_9,NMR_B2_9
2022-12-12_3808_14,YES,NMR_Box_2_10,NMR_B2_10
2022-12-13_3788_25,YES,NMR_Box_2_11,NMR_B2_11
2022-03-30_2934_24,NA,NMR_Box_2_12,NMR_B2_12
2022-03-26_2930_11,YES,NMR_Box_2_13,NMR_B2_13
2022-03-26_2719_4,YES,NMR_Box_2_14,NMR_B2_14
2022-12-08_3845_7,YES,NMR_Box_2_15,NMR_B2_15
2022-12-08_3814_4,YES,NMR_Box_2_16,NMR_B2_16
2022-12-13_3836_7,YES,NMR_Box_2_17,NMR_B2_17
2022-12-09_3774_9,YES,NMR_Box_2_18,NMR_B2_18
2022-12-12_3852_8,YES,NMR_Box_2_19,NMR_B2_19
2022-12-13_3681_6,YES,NMR_Box_2_20,NMR_B2_20
2022-12-12_3663_10,YES,NMR_Box_2_21,NMR_B2_21
2022-12-09_3799_19,YES,NMR_Box_2_22,NMR_B2_22
2022-12-12_3715_21,YES,NMR_Box_2_23,NMR_B2_23
2022-12-13_3698_2,YES,NMR_Box_2_24,NMR_B2_24
2022-12-10_3634_23,YES,NMR_Box_2_25,NMR_B2_25
2022-12-12_3811_17,YES,NMR_Box_2_26,NMR_B2_26
2022-12-14_3689_12,YES,NMR_Box_2_27,NMR_B2_27
2022-12-08_3869_18,YES,NMR_Box_2_28,NMR_B2_28
2022-12-12_3779_16,YES,NMR_Box_2_29,NMR_B2_29
2022-12-09_3792_13,YES,NMR_Box_2_30,NMR_B2_30
2022-12-14_3842_9,YES,NMR_Box_2_31,NMR_B2_31
2022-03-19_2673_10,NA,NMR_Box_2_32,NMR_B2_32
2022-12-10_3800_1,YES,NMR_Box_2_33,NMR_B2_33
2022-12-09_3783_5,YES,NMR_Box_2_34,NMR_B2_34
2022-12-09_3859_24,YES,NMR_Box_2_35,NMR_B2_35
2022-12-13_3771_15,YES,NMR_Box_2_36,NMR_B2_36
2022-12-14_3697_4,YES,NMR_Box_2_37,NMR_B2_37
2022-12-10_3851_17,YES,NMR_Box_2_38,NMR_B2_38
2022-12-14_3830_10,YES,NMR_Box_2_39,NMR_B2_39
2022-12-14_3840_5,YES,NMR_Box_2_40,NMR_B2_40
2022-12-10_3747_13,YES,NMR_Box_2_41,NMR_B2_41
2022-12-13_3801_22,YES,NMR_Box_2_42,NMR_B2_42
2022-12-13_3827_8,YES,NMR_Box_2_43,NMR_B2_43
2022-03-31_2725_8,NA,NMR_Box_2_44,NMR_B2_44
2022-03-26_2714_2,YES,NMR_Box_2_45,NMR_B2_45
2022-03-30_2672_11,NA,NMR_Box_2_46,NMR_B2_46
2022-03-30_2699_8,NA,NMR_Box_2_47,NMR_B2_47
2022-03-26_2715_17,YES,NMR_Box_2_48,NMR_B2_48
2022-03-30_2745_20,NA,NMR_Box_2_49,NMR_B2_49
2022-03-30_2758_9,NA,NMR_Box_2_50,NMR_B2_50
2022-03-26_2760_19,YES,NMR_Box_2_51,NMR_B2_51
2022-12-13_3664_4,YES,NMR_Box_2_52,NMR_B2_52
2023-07-04_5343_5,YES,NMR_Box_2_53,NMR_B2_53
2023-07-04_5373_13,YES,NMR_Box_2_54,NMR_B2_54
2023-07-04_5063_12,YES,NMR_Box_2_55,NMR_B2_55
2023-07-04_5047_1,YES,NMR_Box_2_56,NMR_B2_56
2023-07-04_5328_4,YES,NMR_Box_2_57,NMR_B2_57
2022-06-25_3326_23,YES,NMR_Box_3_1,NMR_B3_1
2022-06-24_3145_7,YES,NMR_Box_3_2,NMR_B3_2
2022-06-23_3165_8,YES,NMR_Box_3_3,NMR_B3_3
2022-06-25_3329_21,YES,NMR_Box_3_4,NMR_B3_4
2022-06-27_3140_19,NA,NMR_Box_3_5,NMR_B3_5
2022-06-26_3353_9,YES,NMR_Box_3_6,NMR_B3_6
2022-06-25_3186_1,YES,NMR_Box_3_7,NMR_B3_7
2022-06-25_3142_24,YES,NMR_Box_3_8,NMR_B3_8
2022-06-24_3157_2,YES,NMR_Box_3_9,NMR_B3_9
2022-06-28_3136_5,NA,NMR_Box_3_10,NMR_B3_10
2022-06-23_3148_11,YES,NMR_Box_3_11,NMR_B3_11
2022-06-25_3200_18,NA,NMR_Box_3_12,NMR_B3_12
2022-12-14_3784_3,YES,NMR_Box_3_13,NMR_B3_13
2022-12-12_3781_19,YES,NMR_Box_3_14,NMR_B3_14
2022-12-14_3817_15,YES,NMR_Box_3_15,NMR_B3_15
2022-08-22_3591_12,NA,NMR_Box_3_16,NMR_B3_16
2022-08-22_3592_13,NA,NMR_Box_3_17,NMR_B3_17
2022-12-12_3846_9,YES,NMR_Box_3_18,NMR_B3_18
2022-12-12_3772_15,YES,NMR_Box_3_19,NMR_B3_19
2022-12-12_2847_7,YES,NMR_Box_3_20,NMR_B3_20
2022-12-13_3667_23,YES,NMR_Box_3_21,NMR_B3_21
2022-12-14_3775_17,YES,NMR_Box_3_22,NMR_B3_22
2022-07-23_3238_1,YES,NMR_Box_3_23,NMR_B3_23
2022-07-20_3449_1,YES,NMR_Box_3_24,NMR_B3_24
2022-07-20_3426_6,YES,NMR_Box_3_25,NMR_B3_25
2022-07-20_3498_9,YES,NMR_Box_3_26,NMR_B3_26
2022-07-20_3350_10,YES,NMR_Box_3_27,NMR_B3_27
2022-07-18_3466_6,YES,NMR_Box_3_28,NMR_B3_28
2022-06-28_3340_13,YES,NMR_Box_3_29,NMR_B3_29
2022-07-20_3476_2,YES,NMR_Box_3_30,NMR_B3_30
2022-07-21_3438_7,YES,NMR_Box_3_31,NMR_B3_31
2022-07-20_3462_7,YES,NMR_Box_3_33,NMR_B3_32
2022-06-24_3190_8,YES,NMR_Box_3_34,NMR_B3_33
2022-06-26_3341_2,YES,NMR_Box_3_35,NMR_B3_34
2022-06-27_3064_22,YES,NMR_Box_3_36,NMR_B3_35
2022-06-25_3147_9,YES,NMR_Box_3_37,NMR_B3_36
2022-06-25_3150_13,YES,NMR_Box_3_38,NMR_B3_37
2022-06-25_3303_22,YES,NMR_Box_3_39,NMR_B3_38
2022-06-25_3309_6,NA,NMR_Box_3_40,NMR_B3_39
2022-06-26_3109_14,YES,NMR_Box_3_41,NMR_B3_40
2022-06-25_3335_15,YES,NMR_Box_3_42,NMR_B3_41
2022-06-23_3181_7,YES,NMR_Box_3_43,NMR_B3_42
2022-06-28_3330_9,YES,NMR_Box_3_44,NMR_B3_43
2022-06-26_3169_8,NA,NMR_Box_3_45,NMR_B3_44
2022-06-28_3342_22,YES,NMR_Box_3_46,NMR_B3_45
2022-06-28_3111_3,YES,NMR_Box_3_47,NMR_B3_46
2022-06-28_3324_21,YES,NMR_Box_3_48,NMR_B3_47
2022-07-18_3494_7,YES,NMR_Box_3_49,NMR_B3_48
2022-08-03_3432_2,NA,NMR_Box_3_50,NMR_B3_49
2022-08-04_2949_7,NA,NMR_Box_3_51,NMR_B3_50
2022-07-19_3416_1,YES,NMR_Box_3_52,NMR_B3_51
2022-07-27_2894_18,YES,NMR_Box_3_53,NMR_B3_52
2022-07-20_3458_8,YES,NMR_Box_3_54,NMR_B3_53
2022-07-19_2794_4,YES,NMR_Box_3_55,NMR_B3_54
2022-07-18_3471_13,YES,NMR_Box_3_56,NMR_B3_55
2022-07-20_3443_14,YES,NMR_Box_3_57,NMR_B3_56
2022-07-19_3461_14,YES,NMR_Box_3_58,NMR_B3_57
2022-07-20_3413_3,YES,NMR_Box_3_59,NMR_B3_58
2022-08-03_3120_1,NA,NMR_Box_3_60,NMR_B3_59
2022-07-20_3444_11,YES,NMR_Box_3_61,NMR_B3_60
2022-07-19_2903_13,YES,NMR_Box_3_62,NMR_B3_61
2022-07-23_2704_3,NA,NMR_Box_3_63,NMR_B3_62
2022-07-19_3452_16,YES,NMR_Box_3_64,NMR_B3_63
2022-07-22_3414_11,YES,NMR_Box_3_65,NMR_B3_64
2022-07-20_3424_15,YES,NMR_Box_3_66,NMR_B3_65
2022-07-27_2966_20,YES,NMR_Box_3_67,NMR_B3_66
2022-07-18_3473_1,YES,NMR_Box_3_68,NMR_B3_67
2022-07-27_3256_4,YES,NMR_Box_3_69,NMR_B3_68
2022-08-04_3214_8,NA,NMR_Box_3_70,NMR_B3_69
2022-07-19_3437_12,YES,NMR_Box_3_71,NMR_B3_70
2022-07-20_3425_5,YES,NMR_Box_3_72,NMR_B3_71
2022-07-19_3422_9,YES,NMR_Box_3_73,NMR_B3_72
2022-06-27_3347_16,NA,NMR_Box_3_74,NMR_B3_73
2022-12-12_3683_3,YES,NMR_Box_3_75,NMR_B3_74
2022-12-13_3826_17,YES,NMR_Box_3_76,NMR_B3_75
2022-06-24_3159_1,,"Box_1_2024_1,Box_2_2024_16,Box_2_2024_15",NMR_B4_1
2022-06-24_3182_12,,"Box_1_2024_13,Box_2_2024_9",NMR_B4_2
2022-06-26_3138_18,,"Box_1_2024_15,Box_1_2024_16",NMR_B4_3
2022-06-26_3139_3,,"Box_1_2024_18,Box_1_2024_68",NMR_B4_4
2022-06-24_3192_9,,"Box_1_2024_24,Box_1_2024_7",NMR_B4_5
2022-06-23_3171_9,,"Box_1_2024_28,Box_2_2024_2",NMR_B4_6
2022-06-27_3010_26,,"Box_1_2024_30,Box_2_2024_26,Box_1_2024_27",NMR_B4_7
2022-06-27_3110_17,,"Box_1_2024_33,Box_1_2024_22",NMR_B4_8
2022-06-24_3166_10,,"Box_1_2024_36,Box_2_2024_30",NMR_B4_9
2022-06-24_3162_22,,"Box_1_2024_42,Box_2_2024_41",NMR_B4_10
2022-06-27_3344_13,,"Box_1_2024_43,Box_11_2024_26",NMR_B4_11
2022-06-24_3155_3,,"Box_1_2024_45,Box_2_2024_49",NMR_B4_12
2022-06-24_3172_23,,"Box_1_2024_52,Box_1_2024_29",NMR_B4_13
2022-06-25_3198_11,,"Box_1_2024_53,Box_1_2024_72",NMR_B4_14
2022-06-26_3113_12,,"Box_1_2024_55,Box_2_2024_27",NMR_B4_15
2022-06-24_3176_19,,"Box_1_2024_58,Box_1_2024_20",NMR_B4_16
2022-06-25_3328_7,,"Box_1_2024_6,Box_2_2024_3",NMR_B4_17
2022-06-27_3323_10,,Box_1_2024_60,NMR_B4_18
2022-06-25_3349_5,,"Box_1_2024_63,Box_2_2024_36",NMR_B4_19
2022-06-25_3307_4,,"Box_1_2024_64,Box_2_2024_44",NMR_B4_20
2022-06-24_3156_20,,Box_1_2024_65,NMR_B4_21
2022-06-27_3088_25,,Box_1_2024_66,NMR_B4_22
2022-06-27_3333_9,,"Box_1_2024_67,Box_2_2024_56",NMR_B4_23
2022-06-26_3304_5,,"Box_1_2024_73,Box_1_2024_81",NMR_B4_24
2022-06-24_3178_13,,Box_1_2024_74,NMR_B4_25
2022-06-23_3175_10,,"Box_1_2024_75,Box_1_2024_46",NMR_B4_26
2022-06-28_3104_2,,"Box_1_2024_77,Box_2_2024_39",NMR_B4_27
2022-06-26_3322_11,,Box_1_2024_79,NMR_B4_28
2022-06-27_3102_7,,Box_1_2024_80,NMR_B4_29
2022-06-27_3351_15,,Box_1_2024_9,NMR_B4_30
2022-03-14_2855_4,,"Box_10_2024_1,Box_10_2024_2",NMR_B4_31
2022-03-27_2976_15,,Box_10_2024_11,NMR_B4_32
2022-03-22_2958_7,,Box_10_2024_23,NMR_B4_33
2022-03-22_2962_4,,Box_10_2024_27,NMR_B4_34
2022-03-14_3250_2,,Box_10_2024_4,NMR_B4_35
2022-12-08_3865_16,,"Box_10_2024_45,Box_5_2024_24",NMR_B4_36
2022-12-09_3868_20,,"Box_10_2024_46,Box_6_2024_60",NMR_B4_37
2022-03-17_2786_15,,Box_10_2024_5,NMR_B4_38
2022-03-15_2899_2,,Box_10_2024_6,NMR_B4_39
2022-12-12_3671_5,,"Box_10_2024_61,Box_8_2024_50",NMR_B4_40
2020-02-15_2298_4,,"Box_10_2024_66,Box_10_2024_67",NMR_B4_41
2022-03-15_2574_4,,"Box_10_2024_7,Box_6_2024_36,Box_9_2024_8",NMR_B4_42
2022-08-04_2870_9,,"Box_11_2024_15,Box_3_2024_4,Box_12_2024_37",NMR_B4_43
2022-07-28_3447_16,,"Box_11_2024_16,Box_4_2024_48,Box_12_2024_12",NMR_B4_44
2022-07-21_2518_16,,"Box_11_2024_17,Box_14_2024_69,Box_14_2024_15",NMR_B4_45
2022-07-23_3262_5,,"Box_11_2024_2,Box_11_2024_58,Box_12_2024_56",NMR_B4_46
2022-07-27_3459_11,,"Box_11_2024_23,Box_11_2024_61,Box_12_2024_9",NMR_B4_47
2022-07-28_2893_3,,"Box_11_2024_3,Box_3_2024_3",NMR_B4_48
3463_19,,"Box_11_2024_50,Box_14_2024_8,Box_13_2024_15",NMR_B4_49
2022-07-27_3480_6,,"Box_11_2024_55,Box_14_2024_20,Box_14_2024_48",NMR_B4_50
2022-08-04_3302_4,,"Box_11_2024_6,Box_14_2024_5,Box_4_2024_37",NMR_B4_51
2022-07-19_3445_7,,"Box_11_2024_69,Box_12_2024_32,Box_13_2024_33",NMR_B4_52
2022-07-28_3421_20,,"Box_11_2024_7,Box_4_2024_16,Box_13_2024_16",NMR_B4_53
2022-07-21_3455_6,,"Box_11_2024_74,Box_4_2024_30,Box_11_2024_66",NMR_B4_54
2022-07-27_2770_1,,"Box_11_2024_77,Box_14_2024_47,Box_14_2024_37",NMR_B4_55
3315_18,,"Box_11_2024_79,Box_4_2024_41",NMR_B4_56
2022-07-22_3440_9,,"Box_12_2024_1,Box_13_2024_32,Box_4_2024_12",NMR_B4_57
2022-06-24_3191_24,,Box_12_2024_14,NMR_B4_58
2022-08-03_2828_16,,"Box_12_2024_26,Box_14_2024_58,Box_12_2024_2",NMR_B4_59
2022-07-21_3436_13,,"Box_12_2024_33,Box_14_2024_16",NMR_B4_60
2022-08-03_3430_17,,"Box_12_2024_41,Box_11_2024_14",NMR_B4_61
2022-08-04_2816_20,,"Box_12_2024_43,Box_12_2024_11,Box_13_2024_39",NMR_B4_62
2022-07-21_3412_10,,"Box_12_2024_48,Box_13_2024_12,Box_3_2024_26",NMR_B4_63
2022-07-28_3313_8,,"Box_12_2024_49,Box_11_2024_46,Box_12_2024_57",NMR_B4_64
2022-07-21_3314_20,,"Box_12_2024_62,Box_13_2024_10,Box_3_2024_18",NMR_B4_65
2022-07-22_3317_4,,"Box_12_2024_73,Box_4_2024_31,Box_3_2024_13",NMR_B4_66
2022-06-24_3144_4,,"Box_13_2024_17,Box_1_2024_21,Box_1_2024_59",NMR_B4_67
2022-07-21_3313_17,,"Box_13_2024_19,Box_4_2024_51,Box_13_2024_53",NMR_B4_68
2022-08-04_3179_6,,"Box_13_2024_27,Box_14_2024_34,Box_11_2024_73",NMR_B4_69
2022-07-23_3423_4,,"Box_13_2024_30,Box_12_2024_15,Box_3_2024_70",NMR_B4_70
2022-07-19_3448_10,,"Box_13_2024_38,Box_3_2024_75,Box_14_2024_81",NMR_B4_71
2022-07-18_3457_8,,"Box_13_2024_4,Box_12_2024_58,Box_3_2024_34",NMR_B4_72
2022-07-28_3464_11,,"Box_13_2024_51,Box_14_2024_43,Box_13_2024_44",NMR_B4_73
2022-08-03_3229_14,,"Box_13_2024_54,Box_11_2024_65",NMR_B4_74
2022-07-28_3499_9,,"Box_14_2024_12,Box_14_2024_71,Box_12_2024_3",NMR_B4_75
2022-07-21_2876_14,,"Box_14_2024_46,Box_11_2024_52",NMR_B5_1
2022-06-28_3085_19,,"Box_14_2024_6,Box_2_2024_19",NMR_B5_2
2022-07-28_2766_15,,"Box_14_2024_61,Box_4_2024_60,Box_14_2024_65",NMR_B5_3
2022-07-28_3235_5,,"Box_14_2024_68,Box_14_2024_67",NMR_B5_4
2022-07-21_2539_2,,"Box_14_2024_73,Box_4_2024_21,Box_3_2024_62",NMR_B5_5
2022-07-23_3230_7,,"Box_14_2024_74,Box_14_2024_24,Box_4_2024_25",NMR_B5_6
2022-07-22_3310_5,,"Box_14_2024_76,Box_12_2024_25,Box_14_2024_78",NMR_B5_7
2022-06-28_3321_8,,"Box_2_2024_1,Box_2_2024_20",NMR_B5_8
2022-06-25_3306_14,,"Box_2_2024_10,Box_1_2024_25",NMR_B5_9
2022-06-27_3141_18,,Box_2_2024_23,NMR_B5_10
2022-06-25_3334_8,,Box_2_2024_28,NMR_B5_11
2022-06-26_3308_4,,Box_2_2024_31,NMR_B5_12
2022-06-27_3107_1,,Box_2_2024_32,NMR_B5_13
2022-06-25_3137_10,,Box_2_2024_33,NMR_B5_14
2022-06-26_3194_7,,"Box_2_2024_34,Box_1_2024_10",NMR_B5_15
2022-06-24_3354_5,,"Box_2_2024_37,Box_1_2024_69,Box_1_2024_51",NMR_B5_16
2022-06-28_3343_17,,"Box_2_2024_38,Box_2_2024_70",NMR_B5_17
2022-06-26_3050_15,,"Box_2_2024_4,Box_2_2024_51,Box_2_2024_18",NMR_B5_18
2022-06-27_3103_2,,"Box_2_2024_45,Box_1_2024_54",NMR_B5_19
2022-06-28_3091_1,,"Box_2_2024_47,Box_1_2024_49,Box_2_2024_65",NMR_B5_20
2022-06-28_3355_12,,Box_2_2024_5,NMR_B5_21
2022-06-26_3352_20,,Box_2_2024_50,NMR_B5_22
2022-06-26_3134_13,,"Box_2_2024_61,Box_1_2024_76",NMR_B5_23
2022-06-25_3168_3,,"Box_2_2024_62,Box_2_2024_24",NMR_B5_24
2022-06-27_3336_12,,"Box_2_2024_64,Box_1_2024_19,Box_1_2024_37",NMR_B5_25
2022-06-28_3038_15,,Box_2_2024_67,NMR_B5_26
2022-06-27_3133_23,,Box_2_2024_71,NMR_B5_27
2022-06-28_3320_18,,"Box_2_2024_77,Box_2_2024_48",NMR_B5_28
2022-06-25_3327_17,,"Box_2_2024_8,Box_2_2024_66",NMR_B5_29
2022-06-26_3337_16,,"Box_2_2024_81,Box_1_2024_39",NMR_B5_30
2022-07-21_3433_8,,"Box_3_2024_14,Box_3_2024_40,Box_11_2024_27",NMR_B5_31
2022-08-03_3177_8,,"Box_3_2024_19,Box_13_2024_8,Box_13_2024_5",NMR_B5_32
2022-07-28_3439_12,,"Box_3_2024_20,Box_3_2024_53,Box_13_2024_36",NMR_B5_33
2022-08-03_3419_9,,"Box_3_2024_32,Box_14_2024_53,Box_4_2024_49",NMR_B5_34
2022-07-21_2851_11,,"Box_3_2024_35,Box_12_2024_76,Box_12_2024_65",NMR_B5_35
2022-08-03_3446_18,,"Box_3_2024_39,Box_12_2024_6,Box_3_2024_55",NMR_B5_36
2022-08-03_3183_19,,"Box_3_2024_42,Box_4_2024_57,Box_14_2024_63",NMR_B5_37
2022-08-04_3154_1,,"Box_3_2024_43,Box_3_2024_17,Box_11_2024_5",NMR_B5_38
3561_18,,"Box_3_2024_5,Box_11_2024_39,Box_12_2024_68",NMR_B5_39
2022-07-27_3246_8,,"Box_3_2024_54,Box_12_2024_36,Box_4_2024_29",NMR_B5_40
2022-06-24_3163_6,,"Box_3_2024_78,Box_1_2024_71",NMR_B5_41
2022-08-03_3495_15,,"Box_4_2024_13,Box_11_2024_48,Box_4_2024_32",NMR_B5_42
2022-08-04_3479_2,,"Box_4_2024_15,Box_12_2024_19,Box_12_2024_59",NMR_B5_43
2022-08-03_2798_6,,"Box_4_2024_22,Box_4_2024_6,Box_4_2024_80",NMR_B5_44
2022-07-20_3331_12,,"Box_4_2024_23,Box_13_2024_41,Box_11_2024_59",NMR_B5_45
2022-08-03_2653_12,,"Box_4_2024_27,Box_14_2024_62,Box_14_2024_55",NMR_B5_46
2022-07-21_3465_1,,"Box_4_2024_35,Box_11_2024_63,Box_12_2024_75",NMR_B5_47
2022-07-22_3441_2,,"Box_4_2024_4,Box_11_2024_51",NMR_B5_48
2022-07-18_3453_2,,"Box_4_2024_46,Box_11_2024_22",NMR_B5_49
2022-08-04_3180_3,,"Box_4_2024_53,Box_4_2024_18,Box_3_2024_64",NMR_B5_50
2022-07-28_3287_4,,"Box_4_2024_56,Box_3_2024_73,Box_12_2024_31",NMR_B5_51
2022-07-22_3302_1,,"Box_4_2024_58,Box_11_2024_57,Box_4_2024_10",NMR_B5_52
2022-08-04_3563_16,,"Box_4_2024_74,Box_11_2024_9,Box_3_2024_1",NMR_B5_53
2022-07-21_3418_5,,"Box_4_2024_75,Box_13_2024_2,Box_13_2024_18",NMR_B5_54
2022-07-28_3496_19,,"Box_4_2024_78,Box_3_2024_60,Box_3_2024_77",NMR_B5_55
2022-07-21_2647_19,,"Box_4_2024_9,Box_11_2024_12,Box_13_2024_43",NMR_B5_56
2022-12-13_3835_25,,"Box_5_2024_10,Box_5_2024_34",NMR_B5_57
2022-12-09_3743_16,"Box_5_2024_13,Box_9_2024_62",NA,NMR_B5_58
2022-03-27_2940_9,"Box_5_2024_14,Box_6_2024_58",NA,NMR_B5_59
2022-12-09_3831_14,"Box_5_2024_15,Box_7_2024_3",NA,NMR_B5_60
2022-12-09_3787_6,"Box_5_2024_16,Box_7_2024_34",NA,NMR_B5_61
2022-12-09_3782_8,"Box_5_2024_2,Box_5_2024_20",NA,NMR_B5_62
2022-03-17_2605_16,"Box_5_2024_26,Box_6_2024_33",NA,NMR_B5_63
2022-03-31_2709_19,"Box_5_2024_28,Box_6_2024_63",NA,NMR_B5_64
2022-12-14_3828_16,"Box_5_2024_38,Box_5_2024_48",NA,NMR_B5_65
2022-03-27_2710_11,"Box_5_2024_39,Box_6_2024_56,Box_6_2024_69",NA,NMR_B5_66
2022-12-14_3833_14,"Box_5_2024_45,Box_6_2024_48",NA,NMR_B5_67
2022-03-17_3278_3,"Box_5_2024_53,Box_10_2024_8",NA,NMR_B5_68
2022-12-10_3658_25,"Box_5_2024_56,Box_5_2024_58",NA,NMR_B5_69
2022-12-13_3695_24,"Box_5_2024_59,Box_7_2024_38",NA,NMR_B5_70
2022-12-12_3839_16,"Box_5_2024_64,Box_5_2024_36",NA,NMR_B5_71
2022-03-17_2664_10,"Box_5_2024_67,Box_6_2024_32",NA,NMR_B5_72
2022-03-14_3209_3,Box_5_2024_69,NA,NMR_B5_73
2022-03-15_2886_18,Box_5_2024_70,NA,NMR_B5_74
2022-03-22_2954_1,Box_5_2024_73,NA,NMR_B5_75
2022-03-19_2686_8,Box_5_2024_75,NA,NMR_B5_76
2022-12-14_3665_7,"Box_5_2024_8,Box_8_2024_27",NA,NMR_B5_77
2022-03-15_2654_13,Box_5_2024_81,NA,NMR_B5_78
2022-12-08_3847_9,"Box_5_2024_9,Box_9_2024_53",NA,NMR_B5_79
2022-12-10_3867_22,"Box_5_2024_21,Box_5_2024_33",NA,NMR_B5_80
2022-03-14_2527_8,"Box_6_2024_26,Box_6_2024_13",NA,NMR_B6_1
2022-03-17_2554_14,"Box_6_2024_28,Box_6_2024_35,Box_6_2024_27",NA,NMR_B6_2
2022-03-26_2729_1,Box_6_2024_30,NA,NMR_B6_3
2022-03-15_2566_10,"Box_6_2024_31,Box_6_2024_23,Box_6_2024_37",NA,NMR_B6_4
2956_12,Box_6_2024_34,NA,NMR_B6_5
2022-03-26_2752_6,"Box_6_2024_42,Box_6_2024_61",NA,NMR_B6_6
2022-03-30_2716_18,"Box_6_2024_44,Box_6_2024_68",NA,NMR_B6_7
3649_NA,"Box_6_2024_45,Box_9_2024_20",NA,NMR_B6_8
2022-03-31_2750_5,"Box_6_2024_50,Box_7_2024_44",NA,NMR_B6_9
2022-03-26_2761_9,Box_6_2024_53,NA,NMR_B6_10
2022-03-30_2737_12,"Box_6_2024_54,Box_6_2024_77",NA,NMR_B6_11
2022-03-27_2743_1,"Box_6_2024_55,Box_6_2024_51",NA,NMR_B6_12
2022-12-12_3822_22,"Box_6_2024_57,Box_5_2024_35,Box_9_2024_4",NA,NMR_B6_13
2022-03-27_2722_6,"Box_6_2024_65,Box_10_2024_13",NA,NMR_B6_14
2022-03-31_2762_16,Box_6_2024_66,NA,NMR_B6_15
2022-03-31_2711_7,Box_6_2024_67,NA,NMR_B6_16
2022-12-08_3796_11,"Box_6_2024_7,Box_7_2024_18",NA,NMR_B6_17
2022-03-26_2942_3,Box_6_2024_70,NA,NMR_B6_18
2022-03-30_2679_3,Box_6_2024_73,NA,NMR_B6_19
2022-03-21_2943_5,Box_6_2024_74,NA,NMR_B6_20
2022-03-26_2763_5,Box_6_2024_79,NA,NMR_B6_21
2022-03-31_2724_3,"Box_6_2024_80,Box_6_2024_40",NA,NMR_B6_22
2022-03-15_2591_1,Box_6_2024_9,NA,NMR_B6_23
2022-12-10_3829_18,"Box_7_2024_13,Box_7_2024_66",NA,NMR_B6_24
2022-12-10_3674_6,"Box_7_2024_20,Box_7_2024_39",NA,NMR_B6_25
2022-12-09_3778_12,"Box_7_2024_25,Box_7_2024_41",NA,NMR_B6_26
2022-12-08_3837_8,"Box_7_2024_28,Box_8_2024_6",NA,NMR_B6_27
2022-12-10_3804_3,"Box_7_2024_32,Box_8_2024_8",NA,NMR_B6_28
2022-03-22_2959_6,"Box_7_2024_33,Box_9_2024_35,Box_10_2024_32",NA,NMR_B6_29
2022-12-13_3824_21,"Box_7_2024_4,Box_7_2024_53",NA,NMR_B6_30
2022-12-12_3617_11,"Box_5_2024_12,Box_7_2024_67",NA,NMR_B6_31
2022-12-14_3633_13,Box_7_2024_47,Mixed_Box_3_16,NMR_B6_32
2022-12-08_3810_10,"Box_7_2024_48,Box_5_2024_78",NA,NMR_B6_33
2022-12-09_3797_1,"Box_7_2024_5,Box_9_2024_73",NA,NMR_B6_34
2022-12-10_3863_15,"Box_5_2024_50,Box_7_2024_50",NA,NMR_B6_35
2022-03-26_2741_7,Box_7_2024_51,NA,NMR_B6_36
3827_NA,"Box_8_2024_43,Box_7_2024_52",NA,NMR_B6_37
2022-12-09_3858_11,"Box_7_2024_54,Box_8_2024_30",NA,NMR_B6_38
2022-12-10_3684_14,"Box_7_2024_56,Box_7_2024_15",NA,NMR_B6_39
2022-12-14_3848_2,"Box_7_2024_61,Box_7_2024_26",NA,NMR_B6_40
2022-12-12_3795_18,"Box_5_2024_63,Box_7_2024_70",NA,NMR_B6_41
2022-12-10_3802_9,"Box_7_2024_72,Box_7_2024_31",NA,NMR_B6_42
2022-12-10_3818_8,"Box_7_2024_75,Box_9_2024_51",NA,NMR_B6_43
2022-03-22_2965_5,Box_7_2024_77,NA,NMR_B6_44
2022-12-12_3745_4,"Box_7_2024_78,Box_7_2024_16",NA,NMR_B6_45
2022-12-13_3815_13,"Box_7_2024_80,Box_7_2024_36",NA,NMR_B6_46
2022-12-08_3618_21,"Box_7_2024_81,Box_8_2024_26",NA,NMR_B6_47
2022-12-13_3805_5,"Box_7_2024_9,Box_6_2024_3",NA,NMR_B6_48
2022-12-08_3855_1,"Box_5_2024_29,Box_8_2024_11",NA,NMR_B6_49
2022-12-13_3675_10,"Box_8_2024_20,Box_7_2024_27",NA,NMR_B6_50
2022-03-19_2685_2,Box_8_2024_29,NA,NMR_B6_51
2022-12-13_3844_20,"Box_5_2024_76,Box_8_2024_35",NA,NMR_B6_52
2022-12-12_3680_6,"Box_8_2024_36,Box_8_2024_55",NA,NMR_B6_53
2022-12-12_3780_23,"Box_8_2024_39,Box_5_2024_25",NA,NMR_B6_54
3813_18,"Box_8_2024_4,Box_7_2024_7",NA,NMR_B6_55
2022-12-14_3832_11,"Box_8_2024_44,Box_9_2024_76,Box_9_2024_13",NA,NMR_B6_56
2022-12-14_3803_1,"Box_8_2024_52,Box_9_2024_80",NA,NMR_B6_57
2022-12-10_3825_12,"Box_8_2024_7,Box_7_2024_8",NA,NMR_B6_58
2022-03-22_2953_2,Box_8_2024_9,NA,NMR_B6_59
2022-12-09_3647_22,"Box_9_2024_12,Box_7_2024_23",NA,NMR_B6_60
2022-12-12_3809_1,"Box_9_2024_14,Box_9_2024_38",NA,NMR_B6_61
2022-12-09_3857_25,"Box_9_2024_17,Box_7_2024_10",NA,NMR_B6_62
2022-12-13_3659_14,"Box_9_2024_2,Box_8_2024_17",NA,NMR_B6_63
2022-12-12_3850_12,"Box_9_2024_21,Box_7_2024_11,Box_7_2024_21",NA,NMR_B6_64
2022-03-26_2707_18,Box_9_2024_23,NA,NMR_B6_65
2023-08-09_5485_13,Box_12_55,p5ml_Box_1_14,NMR_B6_69
2023-09-28_5874_3,Box_6_57,p5ml_Box_1_17,NMR_B6_70
2023-08-09_5301_20,Box_6_43,p5ml_Box_1_2,NMR_B6_71
2023-09-30_5833_10,Box_3_20,p5ml_Box_1_62,NMR_B6_72
2023-08-08_5353_2,Box_8_22,p5ml_Box_1_78,NMR_B6_73
2023-07-04_5223_8,NA,p5ml_Box_2_22,NMR_B6_74
2023-08-07_5307_1,Box_12_61,p5ml_Box_2_28,NMR_B6_75
2023-07-04_5021_7,NA,p5ml_Box_2_37,NMR_B6_77
2023-08-06_5548_17,NA,p5ml_Box_2_4,NMR_B6_78
2023-08-06_5313_25,Box_11_3,p5ml_Box_2_51,NMR_B6_79
2023-08-07_5305_25,Box_9_12,p5ml_Box_2_6,NMR_B6_80
2023-10-02_5952_8,NA,p5ml_Box_2_62,NMR_B6_81
2023-10-01_5870_19,Box_3_13,p5ml_Box_3_10,NMR_B7_1
2023-07-03_5067_5,NA,p5ml_Box_3_26,NMR_B7_2
2023-09-29_5807_21,Box_1_38,p5ml_Box_3_32,NMR_B7_3
2023-09-04_5714_2,Box_10_27,p5ml_Box_3_64,NMR_B7_4
2023-07-03_5163_8,NA,p5ml_Box_3_66,NMR_B7_5
2023-08-31_5481_22,Box_11_81,p5ml_Box_3_70,NMR_B7_6
2023-08-06_5472_10,Box_7_35,p5ml_Box_4_56,NMR_B7_7
2023-10-02_5861_13,NA,p5ml_Box_4_57,NMR_B7_8
2023-08-09_5276_4,Box_8_21,p5ml_Box_4_79,NMR_B7_9
2023-07-03_5083_6,Box_1_5,p5ml_Box_5_27,NMR_B7_10
2023-07-04_5362_10,Box_3_62,p5ml_Box_5_33,NMR_B7_11
2023-08-09_5280_22,Box_8_31,p5ml_Box_5_47,NMR_B7_12
2023-07-03_5022_12,Box_10_30,p5ml_Box_5_67,NMR_B7_13
2023-09-29_6007_6,Box_9_47,p5ml_Box_5_77,NMR_B7_14
2023-08-06_5491_24,Box_12_35,p5ml_Box_5_79,NMR_B7_15
2023-07-03_5388_10,Box_8_2,p5ml_Box_5_81,NMR_B7_16
2023-07-03_5388_10,Box_8_2,p5ml_Box_5_81,NMR_B7_17
2023-08-08_5332_1,Box_6_1,p5ml_Box_6_29,NMR_B7_18
2023-07-03_5363_9,Box_1_2,p5ml_Box_6_5,NMR_B7_19
2023-10-17_5872_8,NA,p5ml_Box_6_64,NMR_B7_20
2023-10-20_5924_15,NA,p5ml_Box_6_81,NMR_B7_21
2023-10-19_6106_8,NA,p5ml_Box_7_14,NMR_B7_22
2023-10-23_6137_1,NA,p5ml_Box_7_34,NMR_B7_23
2023-08-06_5504_4,NA,p5ml_Box_1_22,NMR_B7_28
2023-08-08_5351_24,"Box_11_14,Box_12_40",p5ml_Box_1_55,NMR_B7_29
2023-08-08_5546_11,NA,p5ml_Box_1_67,NMR_B7_30
2023-08-09_5456_8,NA,p5ml_Box_2_23,NMR_B7_31
2023-02-18_5194_5,Box_7_2,p5ml_Box_2_27,NMR_B7_32
2023-08-09_5401_21,Box_8_32,p5ml_Box_2_33,NMR_B7_33
2023-09-29_5879_13,Box_10_58,p5ml_Box_2_35,NMR_B7_34
2023-07-04_5366_3,Box_10_7,p5ml_Box_3_31,NMR_B7_35
2023-02-23_5178_10,Box_9_14,p5ml_Box_3_55,NMR_B7_36
2023-08-09_5352_16,Box_4_56,p5ml_Box_3_71,NMR_B7_37
2023-02-17_5204_17,NA,p5ml_Box_4_33,NMR_B7_38
2023-08-08_5516_18,Box_10_12,p5ml_Box_4_43,NMR_B7_39
2023-07-04_5074_18,Box_6_42,p5ml_Box_4_51,NMR_B7_40
2023-08-08_5376_25,Box_2_48,p5ml_Box_4_58,NMR_B7_41
2023-08-09_5264_18,Box_7_76,p5ml_Box_4_75,NMR_B7_42
2023-07-03_5360_4,Box_5_41,p5ml_Box_5_12,NMR_B7_43
2023-09-29_5863_7,Box_10_62,p5ml_Box_5_17,NMR_B7_44
2023-08-09_5272_17,NA,p5ml_Box_5_74,NMR_B7_45
2023-08-09_5476_9,Box_3_69,p5ml_Box_6_11,NMR_B7_46
2023-08-08_5358_12,NA,p5ml_Box_6_34,NMR_B7_47
2023-10-23_5935_15,NA,p5ml_Box_6_48,NMR_B7_48
2023-10-21_6105_12,NA,p5ml_Box_6_65,NMR_B7_49
2023-10-20_6094_5,NA,p5ml_Box_6_69,NMR_B7_50
2023-10-23_5919_11,NA,p5ml_Box_7_13,NMR_B7_51
2023-10-21_6205_9,NA,p5ml_Box_7_2,NMR_B7_52
2023-08-07_5304_20,NA,p5ml_Box_5_13,NMR_B7_53
2023-09-04_5739_3,NA,p5ml_Box_6_1,NMR_B7_24
2023-02-14_5244_8,NA,p5ml_Box_6_10,NMR_B7_25
2023-07-05_5295_5,NA,p5ml_Box_6_12,NMR_B7_26
2023-08-06_5402_14,NA,p5ml_Box_6_16,NMR_B7_27
2023-07-06_5372_17,NA,p5ml_Box_6_17,NMR_B6_76
2023-08-31_5330_12,NA,p5ml_Box_8_35,NMR_B7_54
2856,BOX_14_2024_40,,NMR_B7_55
2023-10-17_5908_7,NA,p5ml_Box_8_4,NMR_B7_56
2023-10-17_6177_13,NA,p5ml_Box_7_69,NMR_B7_57